drug,feature,genomes_evaluated,mutation_present,mutation_absent,resistant_with_mutation,susceptible_with_mutation,resistant_without_mutation,susceptible_without_mutation,odds_ratio,p_value,FDR_p_value
ethambutol,embB_M306V,1330,130,1200,100,30,237,963,13.544303797468354,3.4655959244120254e-39,1.2360625463736224e-37
ethambutol,embB_M306I,1330,84,1246,56,28,281,965,6.868327402135232,1.5903947178226761e-16,4.254305870175659e-15
ethambutol,embB_Q497R,1330,39,1291,31,8,306,985,12.4734477124183,8.698136259973219e-13,1.861401159634269e-11
ethambutol,embB_G406S,1330,17,1313,12,5,325,988,7.296,0.00010305759030640022,0.001378395270348103
ethambutol,embB_D354A,1330,38,1292,17,21,320,972,2.4589285714285714,0.00781584163033419,0.06969125453714653
ethambutol,embB_G406D,1330,15,1315,8,7,329,986,3.42509769865393,0.03034065643437566,0.1909676610869527
ethambutol,embB_G406A,1330,39,1291,16,23,321,970,2.102126506840038,0.03757689794104858,0.2233737822051221
ethambutol,embB_D328Y,1330,4,1326,3,1,334,992,8.910179640718562,0.05243754984302218,0.29530620174754596
ethambutol,embB_Y319S,1330,32,1298,11,21,326,972,1.5617879053461876,0.22401938549931766,0.7866535336326193
ethambutol,embB_Q497K,1330,1,1329,1,0,336,993,inf,0.25338345864661654,0.8030278523598485
ethambutol,embB_M306L,1330,2,1328,1,1,336,992,2.9523809523809526,0.4427060880191448,0.9560998972852345
isoniazid,katG_S315T,1637,444,1193,409,35,199,994,58.369849246231155,6.088537815849935e-184,3.257367731479715e-182
isoniazid,katG_S315N,1637,5,1632,5,0,603,1029,inf,0.00699470229682501,0.06803937688729783
isoniazid,katG_S315R,1637,1,1636,1,0,607,1029,inf,0.371411117898595,0.9032043094352197
isoniazid,katG_W328L,1637,1,1636,0,1,608,1028,0.0,1.0,1.0
rifampin,rpoB_S450L,1627,360,1267,327,33,137,1130,81.73191771731918,1.2555941090046399e-187,1.3434856966349648e-185
rifampin,rpoB_D435V,1627,23,1604,20,3,444,1160,17.41741741741742,6.662562522407966e-09,1.1881569831627539e-07
rifampin,rpoB_H445D,1627,13,1614,11,2,453,1161,14.096026490066226,4.014883519536597e-05,0.0006137036237005942
rifampin,rpoB_H445R,1627,15,1612,10,5,454,1158,5.101321585903084,0.0023025256603805048,0.027374471740079336
rifampin,rpoB_D435Y,1627,9,1618,7,2,457,1161,8.891684901531729,0.0030375578259283615,0.03250186873743347
rifampin,rpoB_H445Y,1627,6,1621,5,1,459,1162,12.657952069716776,0.008516882026725434,0.07010049052766319
rifampin,rpoB_H445L,1627,7,1620,5,2,459,1161,6.323529411764706,0.022838000485578585,0.15439857318340572
rifampin,rpoB_K446R,1627,3,1624,3,0,461,1163,inf,0.0230876371115373,0.15439857318340572
rifampin,rpoB_S450W,1627,3,1624,3,0,461,1163,inf,0.0230876371115373,0.15439857318340572
rifampin,rpoB_D435N,1627,4,1623,3,1,461,1162,7.561822125813449,0.07268909393552353,0.3703682405286199
rifampin,rpoB_L430R,1627,4,1623,3,1,461,1162,7.561822125813449,0.07268909393552353,0.3703682405286199
rifampin,rpoB_D435H,1627,2,1625,2,0,462,1163,inf,0.08120651581438984,0.3777868344408571
rifampin,rpoB_M434I,1627,2,1625,2,0,462,1163,inf,0.08120651581438984,0.3777868344408571
rifampin,rpoB_M434V,1627,7,1620,4,3,460,1160,3.36231884057971,0.10717693506173774,0.4778305021502474
rifampin,rpoB_H445T,1627,5,1622,3,2,461,1161,3.77765726681128,0.14371422373154571,0.6150968775710156
rifampin,rpoB_M434R,1627,22,1605,3,19,461,1144,0.3918255508619705,0.15458255293847634,0.6361666601698834
rifampin,rpoB_R448L,1627,6,1621,0,6,464,1157,0.0,0.19189127964407585,0.7285012839500056
rifampin,rpoB_H445S,1627,3,1624,2,1,462,1162,5.03030303030303,0.19744427322009495,0.7285012839500056
rifampin,rpoB_I491F,1627,3,1624,2,1,462,1162,5.03030303030303,0.19744427322009495,0.7285012839500056
rifampin,rpoB_A451G,1627,8,1619,4,4,460,1159,2.5195652173913046,0.23526086987143752,0.7866535336326193
rifampin,rpoB_Q432L,1627,8,1619,4,4,460,1159,2.5195652173913046,0.23526086987143752,0.7866535336326193
rifampin,rpoB_R448K,1627,1,1626,1,0,463,1163,inf,0.2851874615857406,0.8030278523598485
rifampin,rpoB_Q432H,1627,1,1626,1,0,463,1163,inf,0.2851874615857406,0.8030278523598485
rifampin,rpoB_Q436N,1627,1,1626,1,0,463,1163,inf,0.2851874615857406,0.8030278523598485
rifampin,rpoB_S431T,1627,1,1626,1,0,463,1163,inf,0.2851874615857406,0.8030278523598485
rifampin,rpoB_S450C,1627,1,1626,1,0,463,1163,inf,0.2851874615857406,0.8030278523598485
rifampin,rpoB_S450Q,1627,4,1623,2,2,462,1161,2.512987012987013,0.32219945250466636,0.8824217047958026
rifampin,rpoB_P439L,1627,5,1622,0,5,464,1158,0.0,0.32987727282086077,0.8824217047958026
rifampin,rpoB_Q432E,1627,23,1604,4,19,460,1144,0.5235697940503432,0.3513257334388834,0.8991812454417855
rifampin,rpoB_Q436P,1627,6,1621,3,3,461,1160,2.5162689804772236,0.3613532107850166,0.8991812454417855
rifampin,rpoB_S450G,1627,6,1621,3,3,461,1160,2.5162689804772236,0.3613532107850166,0.8991812454417855
rifampin,rpoB_S431R,1627,18,1609,3,15,461,1148,0.4980477223427332,0.4300798787628593,0.9560998972852345
rifampin,rpoB_S428G,1627,34,1593,12,22,452,1141,1.3769106999195495,0.4421231976437323,0.9560998972852345
rifampin,rpoB_Q429P,1627,2,1625,1,1,463,1162,2.509719222462203,0.48916840735709133,0.9560998972852345
rifampin,rpoB_G426S,1627,2,1625,1,1,463,1162,2.509719222462203,0.48916840735709133,0.9560998972852345
rifampin,rpoB_H445F,1627,2,1625,1,1,463,1162,2.509719222462203,0.48916840735709133,0.9560998972852345
rifampin,rpoB_S441K,1627,2,1625,1,1,463,1162,2.509719222462203,0.48916840735709133,0.9560998972852345
rifampin,rpoB_T427A,1627,2,1625,1,1,463,1162,2.509719222462203,0.48916840735709133,0.9560998972852345
rifampin,rpoB_T427P,1627,2,1625,1,1,463,1162,2.509719222462203,0.48916840735709133,0.9560998972852345
rifampin,rpoB_T444I,1627,2,1625,1,1,463,1162,2.509719222462203,0.48916840735709133,0.9560998972852345
rifampin,rpoB_L452P,1627,23,1604,8,15,456,1148,1.3426900584795323,0.49145321823072796,0.9560998972852345
rifampin,rpoB_V170F,1627,33,1594,11,22,453,1141,1.2593818984547462,0.5603106731701278,1.0
rifampin,rpoB_A451V,1627,3,1624,0,3,464,1160,0.0,0.5624137987945054,1.0
rifampin,rpoB_N437D,1627,3,1624,0,3,464,1160,0.0,0.5624137987945054,1.0
rifampin,rpoB_S428R,1627,15,1612,3,12,461,1151,0.6241865509761388,0.576086343760509,1.0
rifampin,rpoB_S441Q,1627,4,1623,0,4,464,1159,0.0,0.5828919707721023,1.0
rifampin,rpoB_G442E,1627,5,1622,2,3,462,1160,1.673881673881674,0.6273526541093953,1.0
rifampin,rpoB_L449M,1627,5,1622,2,3,462,1160,1.673881673881674,0.6273526541093953,1.0
rifampin,rpoB_T427N,1627,5,1622,2,3,462,1160,1.673881673881674,0.6273526541093953,1.0
rifampin,rpoB_S450F,1627,22,1605,5,17,459,1146,0.7343329488658208,0.6411085168491868,1.0
rifampin,rpoB_L443S,1627,28,1599,9,19,455,1144,1.1909774436090226,0.6750536202651567,1.0
rifampin,rpoB_T427G,1627,6,1621,2,4,462,1159,1.2543290043290043,0.6804698343621127,1.0
rifampin,rpoB_S441V,1627,32,1595,10,22,454,1141,1.1423708450140169,0.6966007300819325,1.0
rifampin,rpoB_H445N,1627,9,1618,3,6,461,1157,1.254880694143167,0.7202686468667472,1.0
rifampin,rpoB_H445Q,1627,14,1613,3,11,461,1152,0.6815223821731414,0.768391069972062,1.0
rifampin,rpoB_K446Q,1627,14,1613,3,11,461,1152,0.6815223821731414,0.768391069972062,1.0
rifampin,rpoB_D435A,1627,25,1602,6,19,458,1144,0.7887841875430935,0.8235754606299358,1.0
rifampin,rpoB_S441L,1627,29,1598,9,20,455,1143,1.1304395604395605,0.835740344838096,1.0
rifampin,rpoB_N437I,1627,3,1624,1,2,463,1161,1.2537796976241902,1.0,1.0
rifampin,rpoB_N437S,1627,29,1598,8,21,456,1142,0.9540517961570593,1.0,1.0
rifampin,rpoB_N437Y,1627,2,1625,0,2,464,1161,0.0,1.0,1.0
rifampin,rpoB_N438H,1627,1,1626,0,1,464,1162,0.0,1.0,1.0
rifampin,rpoB_D435E,1627,2,1625,0,2,464,1161,0.0,1.0,1.0
rifampin,rpoB_D435G,1627,4,1623,1,3,463,1160,0.8351331893448524,1.0,1.0
rifampin,rpoB_D435F,1627,4,1623,1,3,463,1160,0.8351331893448524,1.0,1.0
rifampin,rpoB_Q429L,1627,5,1622,1,4,463,1159,0.6258099352051836,1.0,1.0
rifampin,rpoB_Q432N,1627,1,1626,0,1,464,1162,0.0,1.0,1.0
rifampin,rpoB_Q432K,1627,1,1626,0,1,464,1162,0.0,1.0,1.0
rifampin,rpoB_Q432P,1627,1,1626,0,1,464,1162,0.0,1.0,1.0
rifampin,rpoB_Q436R,1627,6,1621,1,5,463,1158,0.5002159827213822,1.0,1.0
rifampin,rpoB_H445G,1627,6,1621,1,5,463,1158,0.5002159827213822,1.0,1.0
rifampin,rpoB_H445P,1627,29,1598,8,21,456,1142,0.9540517961570593,1.0,1.0
rifampin,rpoB_L430P,1627,14,1613,4,10,460,1153,1.0026086956521738,1.0,1.0
rifampin,rpoB_L443F,1627,2,1625,0,2,464,1161,0.0,1.0,1.0
rifampin,rpoB_L452V,1627,2,1625,0,2,464,1161,0.0,1.0,1.0
rifampin,rpoB_K446E,1627,1,1626,0,1,464,1162,0.0,1.0,1.0
rifampin,rpoB_K446T,1627,3,1624,1,2,463,1161,1.2537796976241902,1.0,1.0
rifampin,rpoB_M434L,1627,2,1625,0,2,464,1161,0.0,1.0,1.0
rifampin,rpoB_M434T,1627,6,1621,1,5,463,1158,0.5002159827213822,1.0,1.0
rifampin,rpoB_P439A,1627,5,1622,1,4,463,1159,0.6258099352051836,1.0,1.0
rifampin,rpoB_P439S,1627,5,1622,1,4,463,1159,0.6258099352051836,1.0,1.0
rifampin,rpoB_S428I,1627,4,1623,1,3,463,1160,0.8351331893448524,1.0,1.0
rifampin,rpoB_S428T,1627,2,1625,0,2,464,1161,0.0,1.0,1.0
rifampin,rpoB_S431N,1627,1,1626,0,1,464,1162,0.0,1.0,1.0
rifampin,rpoB_S431G,1627,2,1625,0,2,464,1161,0.0,1.0,1.0
rifampin,rpoB_S441A,1627,4,1623,1,3,463,1160,0.8351331893448524,1.0,1.0
rifampin,rpoB_S441M,1627,1,1626,0,1,464,1162,0.0,1.0,1.0
rifampin,rpoB_S450A,1627,5,1622,1,4,463,1159,0.6258099352051836,1.0,1.0
rifampin,rpoB_S450V,1627,3,1624,1,2,463,1161,1.2537796976241902,1.0,1.0
rifampin,rpoB_T427I,1627,29,1598,8,21,456,1142,0.9540517961570593,1.0,1.0
rifampin,rpoB_T427S,1627,2,1625,0,2,464,1161,0.0,1.0,1.0
rifampin,rpoB_T444P,1627,1623,4,463,1160,1,3,1.1974137931034483,1.0,1.0
