Drug,Model,Accuracy_mean,Accuracy_std,Precision_mean,Recall_mean,F1_mean,ROC_AUC_mean,ROC_AUC_std
Rifampicin,Logistic Regression,0.9135818235818236,0.01820004540256355,0.8747908242143921,0.8131062569418732,0.8424223686318137,0.9113769373630118,0.01678241873239247
Rifampicin,Random Forest,0.915892485892486,0.013255614031874625,0.8590304140304139,0.845612736023695,0.8513818055933766,0.922474903275085,0.015339589027354945
Rifampicin,XGBoost,0.9205286605286606,0.013482457942955477,0.9105454630214457,0.7995927434283598,0.8509683950945058,0.897666792982805,0.026464816658577844
Isoniazid,Logistic Regression,0.8530769230769231,0.009545902804608366,0.9197646993069529,0.6619201030927835,0.7694748187515001,0.8136897670938159,0.0114669930607775
Isoniazid,Random Forest,0.8530769230769231,0.009545902804608366,0.9197646993069529,0.6619201030927835,0.7694748187515001,0.8139942144966483,0.011533489671934358
Isoniazid,XGBoost,0.85,0.00877058019307029,0.9187950164756655,0.6536082474226804,0.7635736168842507,0.8096860629601805,0.01006557768189849
Ethambutol,Logistic Regression,0.8351049694392773,0.03360731411964632,0.6647540983606557,0.7176799440950384,0.6891340884179759,0.8051103626184026,0.04167784031677629
Ethambutol,Random Forest,0.8369961909823722,0.034810769039888056,0.6700632569514485,0.7139762403913348,0.6903441472575377,0.8042818884514429,0.040933737902540054
Ethambutol,XGBoost,0.8351138276198069,0.03176480917463765,0.699119232477001,0.6135569531795947,0.6531415880624625,0.803347454777082,0.041144606715226184
