Antibiotic,records,unique_genomes,resistant,susceptible,resistant_percent
rifampin,2320,2308,564,1756,24.310344827586206
isoniazid,2332,2308,774,1558,33.19039451114923
ethambutol,1971,1961,379,1592,19.228817858954844
pyrazinamide,1373,1367,142,1231,10.34231609613984
streptomycin,1073,1066,355,718,33.084808946877914
amikacin,631,630,83,548,13.153724247226625
kanamycin,539,539,70,469,12.987012987012985
moxifloxacin,498,498,161,337,32.329317269076306
capreomycin,380,380,68,312,17.894736842105264
ethionamide,360,360,162,198,45.0
para-aminosalicylic acid,356,356,43,313,12.07865168539326
linezolid,305,305,35,270,11.475409836065573
ofloxacin,298,298,73,225,24.496644295302016
clofazimine,295,295,36,259,12.203389830508476
bedaquiline,286,286,4,282,1.3986013986013985
levofloxacin,286,286,217,69,75.87412587412588
rifabutin,285,285,117,168,41.05263157894737
delamanid,281,281,75,206,26.690391459074732
prothionamide,164,164,54,110,32.926829268292686
amoxicillin,112,112,3,109,2.6785714285714284
cycloserine,74,74,10,64,13.513513513513514
ciprofloxacin,52,52,9,43,17.307692307692307
