feature,present,absent,missing
rpoB_T444P,1617,4,5087
katG_S315T,441,1184,5083
rpoB_S450L,358,1263,5087
embB_M306V,130,1197,5381
embB_M306I,84,1243,5381
embB_Q497R,39,1288,5381
embB_G406A,38,1289,5381
embB_D354A,38,1289,5381
rpoB_S428G,33,1588,5087
rpoB_V170F,32,1589,5087
embB_Y319S,31,1296,5381
rpoB_S441V,31,1590,5087
rpoB_H445P,29,1592,5087
rpoB_T427I,29,1592,5087
rpoB_S441L,29,1592,5087
rpoB_N437S,29,1592,5087
rpoB_L443S,27,1594,5087
rpoB_D435A,25,1596,5087
rpoB_Q432E,23,1598,5087
rpoB_L452P,23,1598,5087
rpoB_D435V,23,1598,5087
rpoB_S450F,22,1599,5087
rpoB_M434R,22,1599,5087
rpoB_S431R,18,1603,5087
embB_G406S,17,1310,5381
embB_G406D,15,1312,5381
rpoB_H445R,15,1606,5087
rpoB_S428R,15,1606,5087
rpoB_K446Q,14,1607,5087
rpoB_L430P,14,1607,5087
rpoB_H445Q,14,1607,5087
rpoB_H445D,13,1608,5087
rpoB_D435Y,9,1612,5087
rpoB_H445N,9,1612,5087
rpoB_A451G,8,1613,5087
rpoB_Q432L,8,1613,5087
rpoB_H445L,7,1614,5087
rpoB_M434V,7,1614,5087
rpoB_M434T,6,1615,5087
rpoB_H445G,6,1615,5087
rpoB_H445Y,6,1615,5087
rpoB_Q436R,6,1615,5087
rpoB_S450G,6,1615,5087
rpoB_T427G,6,1615,5087
rpoB_R448L,6,1615,5087
rpoB_Q436P,6,1615,5087
rpoB_G442E,5,1616,5087
rpoB_P439L,5,1616,5087
rpoB_P439S,5,1616,5087
rpoB_S450A,5,1616,5087
rpoB_L449M,5,1616,5087
rpoB_P439A,5,1616,5087
rpoB_T427N,5,1616,5087
rpoB_H445T,5,1616,5087
rpoB_Q429L,5,1616,5087
katG_S315N,5,1620,5083
rpoB_D435G,4,1617,5087
rpoB_S441A,4,1617,5087
rpoB_S450Q,4,1617,5087
rpoB_S441Q,4,1617,5087
embB_D328Y,4,1323,5381
rpoB_D435F,4,1617,5087
rpoB_D435N,4,1617,5087
rpoB_L430R,4,1617,5087
rpoB_S428I,4,1617,5087
rpoB_K446T,3,1618,5087
rpoB_N437D,3,1618,5087
rpoB_N437I,3,1618,5087
rpoB_I491F,3,1618,5087
rpoB_S450V,3,1618,5087
rpoB_K446R,3,1618,5087
rpoB_H445S,3,1618,5087
rpoB_S450W,3,1618,5087
rpoB_A451V,3,1618,5087
rpoB_S431G,2,1619,5087
rpoB_N437Y,2,1619,5087
rpoB_D435H,2,1619,5087
rpoB_G426S,2,1619,5087
rpoB_Q429P,2,1619,5087
embB_M306L,2,1325,5381
rpoB_D435E,2,1619,5087
rpoB_T444I,2,1619,5087
rpoB_T427S,2,1619,5087
rpoB_T427A,2,1619,5087
rpoB_M434I,2,1619,5087
rpoB_H445F,2,1619,5087
rpoB_L443F,2,1619,5087
rpoB_M434L,2,1619,5087
rpoB_L452V,2,1619,5087
rpoB_S441K,2,1619,5087
rpoB_T427P,2,1619,5087
rpoB_S428T,2,1619,5087
embB_Q497K,1,1326,5381
katG_S315R,1,1624,5083
rpoB_S431N,1,1620,5087
rpoB_K446E,1,1620,5087
rpoB_S450C,1,1620,5087
rpoB_N438H,1,1620,5087
rpoB_R448K,1,1620,5087
katG_W328L,1,1624,5083
rpoB_Q432K,1,1620,5087
rpoB_Q432H,1,1620,5087
rpoB_Q436N,1,1620,5087
rpoB_Q432P,1,1620,5087
rpoB_Q432N,1,1620,5087
rpoB_S441M,1,1620,5087
rpoB_S431T,1,1620,5087
rpoB_D435L,0,1621,5087
embB_G406C,0,1327,5381
katG_S315I,0,1625,5083
embB_Y319C,0,1327,5381
rpoB_R448Q,0,1621,5087
rpoB_N437H,0,1621,5087
rpoB_H445C,0,1621,5087
rpoB_Q429H,0,1621,5087
rpoB_L443W,0,1621,5087
rpoB_L452M,0,1621,5087
rpoB_S441W,0,1621,5087
rpoB_S450M,0,1621,5087
rpoB_S450Y,0,1621,5087
rpoB_T444S,0,1621,5087
