feature,importance,cumulative_importance
rpoB_S450L,0.7595871983476896,0.7595871983476896
rpoB_H445D,0.0393471175935232,0.7989343159412128
rpoB_D435V,0.036634740291662506,0.8355690562328753
rpoB_D435Y,0.017793140528089012,0.8533621967609643
rpoB_H445Y,0.01644370262336644,0.8698058993843307
rpoB_H445L,0.015641594804135687,0.8854474941884665
rpoB_H445R,0.012522624557606277,0.8979701187460727
rpoB_V170F,0.01110599044770471,0.9090761091937773
rpoB_L452P,0.008111093249472172,0.9171872024432495
rpoB_D435A,0.007511564899460182,0.9246987673427096
rpoB_S450F,0.007470624170875931,0.9321693915135856
rpoB_S441L,0.006736328013312822,0.9389057195268984
rpoB_L430P,0.005387907234709445,0.9442936267616079
rpoB_Q432L,0.004840958051700009,0.9491345848133079
rpoB_M434R,0.004266911696407242,0.9534014965097152
rpoB_H445N,0.0031456241595548386,0.9565471206692701
rpoB_S428G,0.0030258667494777194,0.9595729874187477
rpoB_T427I,0.0029356137039616864,0.9625086011227094
rpoB_H445P,0.002886608279447795,0.9653952094021572
rpoB_N437S,0.002808399998536048,0.9682036094006932
rpoB_S431R,0.002621711353135267,0.9708253207538284
rpoB_L443S,0.0024373036285262888,0.9732626243823548
rpoB_S441V,0.0023612093124311864,0.975623833694786
rpoB_L449M,0.0023202761323983605,0.9779441098271844
rpoB_Q432E,0.001840234676220275,0.9797843445034047
rpoB_A451G,0.0017848174817840482,0.9815691619851887
rpoB_Q436P,0.0017249236922134033,0.9832940856774022
rpoB_T427G,0.0013926738421093867,0.9846867595195116
rpoB_K446Q,0.0013807291961700965,0.9860674887156816
rpoB_R448L,0.001325643905311309,0.9873931326209929
rpoB_H445Q,0.0012589883383618602,0.9886521209593548
rpoB_S428R,0.0011600171857310184,0.9898121381450858
rpoB_S450G,0.0010903515028394958,0.9909024896479254
rpoB_H445G,0.001057386579138542,0.9919598762270639
rpoB_M434V,0.0010570440378250719,0.993016920264889
rpoB_H445T,0.0010108409996077165,0.9940277612644967
rpoB_S450A,0.0010090391854172289,0.9950368004499139
rpoB_P439L,0.0009774873069766095,0.9960142877568905
rpoB_P439A,0.000894135910610502,0.996908423667501
rpoB_M434T,0.0006960490341994739,0.9976044727017005
rpoB_Q436R,0.0005921924826180782,0.9981966651843186
rpoB_P439S,0.000557523133887548,0.9987541883182062
rpoB_T427N,0.0005527695720169795,0.9993069578902232
rpoB_G442E,0.00042186884470948773,0.9997288267349327
rpoB_Q429L,0.00027117326506753047,1.0000000000000002
