embB_M306V,embB_M306I,embB_Q497R,embB_G406S,embB_D354A,embB_G406A,embB_Y319S,embB_G406D,True_Label,Predicted_Label,Predicted_Probability
0,1,0,0,0,0,0,0,0,1,0.7513343436274705
0,0,1,0,0,0,0,0,0,1,0.8074072426606866
0,0,0,0,1,0,0,0,0,1,0.4926243437677734
1,0,0,0,0,0,0,0,0,1,0.8765280139225039
0,0,0,0,1,0,0,0,0,1,0.4926243437677734
1,0,0,0,0,0,0,0,0,1,0.8765280139225039
0,1,0,0,0,0,0,0,0,1,0.7513343436274705
0,0,0,0,0,1,1,0,0,1,0.6115257045883861
1,0,0,0,0,0,0,0,0,1,0.8765280139225039
1,0,0,0,0,0,0,0,0,1,0.8765280139225039
0,0,0,0,0,1,0,0,0,1,0.5807127948840548
0,1,0,0,0,0,0,0,0,1,0.7513343436274705
0,0,0,0,1,0,0,0,0,1,0.4926243437677734
0,1,0,0,0,0,0,0,0,1,0.7513343436274705
1,0,0,0,0,0,0,0,0,1,0.8765280139225039
0,1,0,0,0,0,0,0,0,1,0.7513343436274705
0,0,0,0,1,0,1,0,0,1,0.3603903128573062
0,0,0,0,0,0,0,1,0,1,0.4435190170917269
0,0,0,0,0,1,1,0,0,1,0.6115257045883861
1,0,0,0,0,0,0,0,0,1,0.8765280139225039
0,0,0,0,0,1,1,0,0,1,0.6115257045883861
0,0,0,1,0,0,0,0,0,1,0.6955710982456907
0,0,0,0,1,0,0,0,0,1,0.4926243437677734
